DATE,CPIAUCSL_PC1,UNRATE,FEDFUNDS
1948-01-01,10.24209,3.4,.
1948-02-01,9.48196,3.8,.
1948-03-01,6.81818,4.0,.
1948-04-01,8.27273,3.9,.
1948-05-01,9.38497,3.5,.
1948-06-01,9.37500,3.6,.
1948-07-01,9.76158,3.6,.
1948-08-01,9.06250,3.9,.
1948-09-01,6.65499,3.8,.
1948-10-01,6.11087,3.7,.
1948-11-01,4.77016,3.8,.
1948-12-01,2.73387,4.0,.
1949-01-01,1.39358,4.3,.
1949-02-01,1.01394,4.7,.
1949-03-01,1.74468,5.0,.
1949-04-01,0.41982,5.3,.
1949-05-01,-0.41649,6.1,.
1949-06-01,-0.95238,6.2,.
1949-07-01,-2.86885,6.7,.
1949-08-01,-2.98813,6.8,.
1949-09-01,-2.50411,6.6,.
1949-10-01,-2.63266,7.9,.
1949-11-01,-1.90397,6.4,.
1949-12-01,-1.82952,6.6,.
1950-01-01,-2.08247,6.5,.
1950-02-01,-1.25471,6.4,.
1950-03-01,-1.12923,6.3,.
1950-04-01,-1.12876,5.8,.
1950-05-01,-0.58553,5.5,.
1950-06-01,-0.16722,5.4,.
1950-07-01,1.56118,5.0,.
1950-08-01,2.10970,4.5,.
1950-09-01,2.48421,4.4,.
1950-10-01,3.50655,4.2,.
1950-11-01,3.79747,4.2,.
1950-12-01,5.80263,4.3,.
1951-01-01,7.95406,3.7,.
1951-02-01,9.40280,3.4,.
1951-03-01,9.47547,3.4,.
1951-04-01,9.59831,3.1,.
1951-05-01,9.33950,3.0,.
1951-06-01,8.58459,3.2,.
1951-07-01,7.64437,3.1,.
1951-08-01,6.85950,3.1,.
1951-09-01,6.94330,3.3,.
1951-10-01,6.77551,3.5,.
1951-11-01,6.99187,3.5,.
1951-12-01,5.96477,3.1,.
1952-01-01,4.21592,3.2,.
1952-02-01,2.24545,3.1,.
1952-03-01,1.97063,2.9,.
1952-04-01,2.08333,2.9,.
1952-05-01,1.84686,3.0,.
1952-06-01,2.31392,3.0,.
1952-07-01,2.97183,3.2,.
1952-08-01,3.20959,3.4,.
1952-09-01,2.30503,3.1,.
1952-10-01,2.02599,3.0,.
1952-11-01,1.40578,2.8,.
1952-12-01,0.90669,2.7,.
1953-01-01,0.71834,2.9,.
1953-02-01,0.68156,2.6,.
1953-03-01,0.90944,2.6,.
1953-04-01,0.86924,2.7,.
1953-05-01,0.86891,2.5,.
1953-06-01,0.90464,2.5,.
1953-07-01,0.41229,2.6,.
1953-08-01,0.59948,2.7,.
1953-09-01,0.97634,2.9,.
1953-10-01,0.97415,3.1,.
1953-11-01,0.59948,3.5,.
1953-12-01,0.59903,4.5,.
1954-01-01,1.12613,4.9,.
1954-02-01,1.50432,5.2,.
1954-03-01,1.12655,5.7,.
1954-04-01,0.63694,5.9,.
1954-05-01,0.86142,5.9,.
1954-06-01,0.63504,5.6,.
1954-07-01,0.26129,5.8,0.80
1954-08-01,0.00000,6.0,1.22
1954-09-01,-0.29751,6.1,1.07
1954-10-01,-0.85343,5.7,0.85
1954-11-01,-0.26071,5.3,0.83
1954-12-01,-0.37216,5.0,1.28
1955-01-01,-0.63103,4.9,1.39
1955-02-01,-0.62986,4.7,1.29
1955-03-01,-0.51987,4.6,1.35
1955-04-01,-0.26061,4.7,1.43
1955-05-01,-0.59413,4.3,1.43
1955-06-01,-0.85375,4.2,1.64
1955-07-01,-0.37230,4.0,1.68
1955-08-01,-0.48417,4.2,1.96
1955-09-01,0.14920,4.1,2.18
1955-10-01,0.37425,4.3,2.24
1955-11-01,0.37341,4.2,2.35
1955-12-01,0.37355,4.2,2.48
1956-01-01,0.22413,4.0,2.45
1956-02-01,0.14914,3.9,2.50
1956-03-01,0.37327,4.2,2.50
1956-04-01,0.52258,4.0,2.62
1956-05-01,0.97124,4.3,2.75
1956-06-01,1.64732,4.3,2.71
1956-07-01,1.98057,4.4,2.75
1956-08-01,2.20808,4.1,2.73
1956-09-01,1.86220,3.9,2.95
1956-10-01,2.57271,3.9,2.96
1956-11-01,2.34375,4.3,2.88
1956-12-01,2.82843,4.2,2.94
1957-01-01,3.13082,4.2,2.84
1957-02-01,3.49963,3.9,3.00
1957-03-01,3.60729,3.7,2.96
1957-04-01,3.71333,3.9,3.00
1957-05-01,3.58861,4.1,3.00
1957-06-01,3.53591,4.3,3.00
1957-07-01,3.29791,4.2,2.99
1957-08-01,3.55181,4.1,3.24
1957-09-01,3.54662,4.4,3.47
1957-10-01,2.94438,4.5,3.50
1957-11-01,3.27154,5.1,3.28
1957-12-01,3.04017,5.2,2.98
1958-01-01,3.50560,5.8,2.72
1958-02-01,3.23741,6.4,1.67
1958-03-01,3.62527,6.7,1.20
1958-04-01,3.61618,7.4,1.26
1958-05-01,3.35714,7.4,0.63
1958-06-01,2.84596,7.3,0.93
1958-07-01,2.48315,7.5,0.68
1958-08-01,2.33380,7.4,1.53
1958-09-01,2.08333,7.1,1.76
1958-10-01,2.08333,6.7,1.80
1958-11-01,1.90074,6.2,2.27
1958-12-01,1.75623,6.2,2.42
1959-01-01,1.29190,6.0,2.48
1959-02-01,1.04530,5.9,2.43
1959-03-01,0.34638,5.6,2.80
1959-04-01,0.13822,5.2,2.96
1959-05-01,0.34554,5.1,2.90
1959-06-01,0.69180,5.0,3.39
1959-07-01,0.89997,5.1,3.47
1959-08-01,0.82930,5.2,3.50
1959-09-01,1.17606,5.5,3.76
1959-10-01,1.52196,5.7,3.98
1959-11-01,1.38169,5.8,4.00
1959-12-01,1.51881,5.3,3.99
1960-01-01,1.24095,5.2,3.99
1960-02-01,1.41379,4.8,3.97
1960-03-01,1.51881,5.4,3.84
1960-04-01,1.93237,5.2,3.92
1960-05-01,1.82507,5.1,3.85
1960-06-01,1.71762,5.4,3.32
1960-07-01,1.37221,5.5,3.23
1960-08-01,1.47361,5.6,2.98
1960-09-01,1.23077,5.5,2.60
1960-10-01,1.36286,6.1,2.47
1960-11-01,1.46508,6.1,2.44
1960-12-01,1.36008,6.6,1.98
1961-01-01,1.60027,6.6,1.45
1961-02-01,1.46209,6.9,2.54
1961-03-01,1.46209,6.9,2.02
1961-04-01,0.91401,7.0,1.49
1961-05-01,0.91309,7.1,1.98
1961-06-01,0.77676,6.9,1.73
1961-07-01,1.25212,7.0,1.17
1961-08-01,1.11449,6.6,2.00
1961-09-01,1.24958,6.7,1.88
1961-10-01,0.77311,6.5,2.26
1961-11-01,0.67159,6.1,2.61
1961-12-01,0.67092,6.0,2.33
1962-01-01,0.67024,5.8,2.15
1962-02-01,0.90483,5.5,2.37
1962-03-01,1.10590,5.6,2.85
1962-04-01,1.34183,5.6,2.78
1962-05-01,1.34048,5.5,2.36
1962-06-01,1.23995,5.5,2.68
1962-07-01,1.00267,5.4,2.71
1962-08-01,1.13560,5.7,2.93
1962-09-01,1.46765,5.6,2.90
1962-10-01,1.33422,5.4,2.90
1962-11-01,1.33422,5.7,2.94
1962-12-01,1.23292,5.5,2.93
1963-01-01,1.33156,5.7,2.92
1963-02-01,1.22883,5.9,3.00
1963-03-01,1.12695,5.7,2.98
1963-04-01,0.89374,5.7,2.90
1963-05-01,0.89286,5.9,3.00
1963-06-01,1.32406,5.6,2.99
1963-07-01,1.55526,5.6,3.02
1963-08-01,1.55218,5.4,3.49
1963-09-01,0.98619,5.5,3.48
1963-10-01,1.21791,5.5,3.50
1963-11-01,1.31666,5.7,3.48
1963-12-01,1.64582,5.5,3.38
1964-01-01,1.64258,5.6,3.48
1964-02-01,1.41076,5.4,3.48
1964-03-01,1.40937,5.4,3.43
1964-04-01,1.54199,5.3,3.47
1964-05-01,1.54048,5.1,3.50
1964-06-01,1.30676,5.2,3.50
1964-07-01,1.07527,4.9,3.42
1964-08-01,0.97561,5.0,3.50
1964-09-01,1.17188,5.1,3.45
1964-10-01,1.20325,5.1,3.36
1964-11-01,1.39701,4.8,3.52
1964-12-01,1.19819,5.0,3.85
1965-01-01,1.09890,4.9,3.90
1965-02-01,1.19702,5.1,3.98
1965-03-01,1.19586,4.7,4.05
1965-04-01,1.38934,4.8,4.09
1965-05-01,1.61394,4.6,4.10
1965-06-01,1.93486,4.6,4.05
1965-07-01,1.80529,4.4,4.09
1965-08-01,1.61031,4.4,4.12
1965-09-01,1.73745,4.3,4.02
1965-10-01,1.70308,4.2,4.08
1965-11-01,1.73021,4.1,4.10
1965-12-01,1.92000,4.0,4.32
1966-01-01,1.91816,4.0,4.42
1966-02-01,2.55754,3.8,4.60
1966-03-01,2.77866,3.8,4.66
1966-04-01,2.86807,3.8,4.67
1966-05-01,2.76366,3.9,4.90
1966-06-01,2.43594,3.8,5.17
1966-07-01,2.75491,3.8,5.30
1966-08-01,3.48653,3.8,5.53
1966-09-01,3.57369,3.7,5.40
1966-10-01,3.79147,3.7,5.53
1966-11-01,3.55906,3.6,5.76
1966-12-01,3.35950,3.8,5.40
1967-01-01,3.19950,3.9,4.94
1967-02-01,2.86783,3.8,5.00
1967-03-01,2.54817,3.8,4.53
1967-04-01,2.54027,3.8,4.05
1967-05-01,2.31839,3.8,3.94
1967-06-01,2.84126,3.9,3.98
1967-07-01,2.92758,3.8,3.79
1967-08-01,2.60337,3.8,3.90
1967-09-01,2.59542,3.8,3.99
1967-10-01,2.58752,4.0,3.88
1967-11-01,3.10219,3.9,4.13
1967-12-01,3.28068,3.8,4.51
1968-01-01,3.64742,3.7,4.61
1968-02-01,3.63636,3.8,4.71
1968-03-01,3.93939,3.7,5.05
1968-04-01,3.92749,3.5,5.76
1968-05-01,4.22961,3.5,6.12
1968-06-01,4.20420,3.7,6.07
1968-07-01,4.49102,3.7,6.03
1968-08-01,4.47761,3.5,6.03
1968-09-01,4.46429,3.4,5.78
1968-10-01,4.74777,3.4,5.91
1968-11-01,4.42478,3.4,5.82
1968-12-01,4.70588,3.4,6.02
1969-01-01,4.69208,3.4,6.30
1969-02-01,4.67836,3.4,6.61
1969-03-01,5.24781,3.4,6.79
1969-04-01,5.52326,3.4,7.41
1969-05-01,5.50725,3.4,8.67
1969-06-01,5.47550,3.5,8.90
1969-07-01,5.44413,3.5,8.61
1969-08-01,5.42857,3.5,9.19
1969-09-01,5.69801,3.7,9.15
1969-10-01,5.66572,3.7,9.00
1969-11-01,5.93220,3.5,8.85
1969-12-01,5.89888,3.5,8.97
1970-01-01,6.16246,3.9,8.98
1970-02-01,6.42458,4.2,8.98
1970-03-01,6.09418,4.4,7.76
1970-04-01,6.06061,4.6,8.10
1970-05-01,6.04396,4.8,7.95
1970-06-01,6.01093,4.9,7.61
1970-07-01,5.70652,5.0,7.21
1970-08-01,5.69106,5.1,6.62
1970-09-01,5.66038,5.4,6.29
1970-10-01,5.63003,5.5,6.20
1970-11-01,5.60000,5.9,5.60
1970-12-01,5.57029,6.1,4.90
1971-01-01,5.27704,5.9,4.14
1971-02-01,4.72441,5.9,3.72
1971-03-01,4.43864,6.0,3.71
1971-04-01,4.15584,5.9,4.16
1971-05-01,4.40415,5.9,4.63
1971-06-01,4.38144,5.9,4.91
1971-07-01,4.37018,6.0,5.31
1971-08-01,4.35897,6.1,5.57
1971-09-01,4.08163,6.0,5.55
1971-10-01,3.80711,5.8,5.20
1971-11-01,3.53535,6.0,4.91
1971-12-01,3.26633,6.0,4.14
1972-01-01,3.25815,5.8,3.51
1972-02-01,3.75940,5.7,3.30
1972-03-01,3.50000,5.8,3.83
1972-04-01,3.49127,5.7,4.17
1972-05-01,3.22581,5.7,4.27
1972-06-01,2.96296,5.7,4.46
1972-07-01,2.95567,5.6,4.55
1972-08-01,2.94840,5.6,4.81
1972-09-01,3.18627,5.5,4.87
1972-10-01,3.17848,5.6,5.05
1972-11-01,3.41463,5.3,5.06
1972-12-01,3.40633,5.2,5.33
1973-01-01,3.64078,4.9,5.94
1973-02-01,3.86473,5.0,6.58
1973-03-01,4.83092,4.9,7.09
1973-04-01,5.30120,5.0,7.12
1973-05-01,5.52885,4.9,7.84
1973-06-01,5.99520,4.9,8.49
1973-07-01,5.74163,4.8,10.40
1973-08-01,7.39857,4.8,10.50
1973-09-01,7.36342,4.8,10.78
1973-10-01,8.05687,4.6,10.01
1973-11-01,8.25472,4.8,10.03
1973-12-01,8.94118,4.9,9.95
1974-01-01,9.60187,5.1,9.65
1974-02-01,10.00000,5.2,8.97
1974-03-01,10.13825,5.1,9.35
1974-04-01,10.06865,5.1,10.51
1974-05-01,10.70615,5.1,11.31
1974-06-01,10.85973,5.4,11.93
1974-07-01,11.53846,5.5,12.92
1974-08-01,10.88889,5.5,12.01
1974-09-01,11.94690,5.9,11.34
1974-10-01,11.84211,6.0,10.06
1974-11-01,12.20044,6.6,9.45
1974-12-01,12.09503,7.2,8.53
1975-01-01,11.75214,8.1,7.13
1975-02-01,11.20507,8.1,6.24
1975-03-01,10.46025,8.6,5.54
1975-04-01,10.18711,8.8,5.49
1975-05-01,9.25926,9.0,5.22
1975-06-01,9.18367,8.8,5.55
1975-07-01,9.53347,8.6,6.10
1975-08-01,8.61723,8.4,6.14
1975-09-01,7.90514,8.4,6.24
1975-10-01,7.64706,8.4,5.82
1975-11-01,7.37864,8.3,5.22
1975-12-01,7.12909,8.2,5.20
1976-01-01,6.69216,7.9,4.87
1976-02-01,6.27376,7.7,4.77
1976-03-01,6.06061,7.6,4.84
1976-04-01,5.84906,7.7,4.82
1976-05-01,6.21469,7.4,5.29
1976-06-01,5.98131,7.6,5.48
1976-07-01,5.55556,7.8,5.31
1976-08-01,5.71956,7.8,5.29
1976-09-01,5.49451,7.6,5.25
1976-10-01,5.46448,7.7,5.02
1976-11-01,5.06329,7.8,4.95
1976-12-01,5.03597,7.8,4.65
1977-01-01,5.19713,7.5,4.61
1977-02-01,6.08229,7.6,4.68
1977-03-01,6.42857,7.4,4.69
1977-04-01,6.95187,7.2,4.73
1977-05-01,6.73759,7.0,5.35
1977-06-01,6.70194,7.2,5.39
1977-07-01,6.66667,6.9,5.42
1977-08-01,6.63176,7.0,5.90
1977-09-01,6.42361,6.8,6.14
1977-10-01,6.39033,6.8,6.47
1977-11-01,6.71256,6.8,6.51
1977-12-01,6.67808,6.4,6.56
1978-01-01,6.81431,6.4,6.70
1978-02-01,6.23946,6.3,6.78
1978-03-01,6.37584,6.3,6.79
1978-04-01,6.50000,6.1,6.89
1978-05-01,7.14286,6.0,7.36
1978-06-01,7.43802,5.9,7.60
1978-07-01,7.73026,6.2,7.81
1978-08-01,7.85597,5.9,8.04
1978-09-01,8.48287,6.0,8.45
1978-10-01,8.92857,5.8,8.96
1978-11-01,8.87097,5.9,9.76
1978-12-01,8.98876,6.0,10.03
1979-01-01,9.25040,5.9,10.07
1979-02-01,9.84127,5.9,10.06
1979-03-01,10.25237,5.8,10.09
1979-04-01,10.48513,5.8,10.01
1979-05-01,10.69767,5.6,10.24
1979-06-01,11.07692,5.7,10.29
1979-07-01,11.45038,5.7,10.47
1979-08-01,11.83612,6.0,10.94
1979-09-01,11.87970,5.9,11.43
1979-10-01,12.07154,6.0,13.77
1979-11-01,12.59259,5.9,13.18
1979-12-01,13.25479,6.0,13.78
1980-01-01,13.86861,6.3,13.82
1980-02-01,14.16185,6.3,14.13
1980-03-01,14.59227,6.3,17.19
1980-04-01,14.58924,6.9,17.61
1980-05-01,14.42577,7.5,10.98
1980-06-01,14.26593,7.6,9.47
1980-07-01,13.15068,7.8,9.03
1980-08-01,12.89009,7.7,9.61
1980-09-01,12.76882,7.5,10.87
1980-10-01,12.63298,7.5,12.81
1980-11-01,12.63158,7.5,15.85
1980-12-01,12.35371,7.2,18.90
1981-01-01,11.79487,7.5,19.08
1981-02-01,11.39241,7.4,15.93
1981-03-01,10.61174,7.4,14.70
1981-04-01,10.13597,7.2,15.72
1981-05-01,9.79192,7.5,18.52
1981-06-01,9.69697,7.5,19.10
1981-07-01,10.77482,7.2,19.04
1981-08-01,10.81731,7.4,17.82
1981-09-01,10.96544,7.6,15.87
1981-10-01,10.27155,7.9,15.08
1981-11-01,9.57944,8.3,13.31
1981-12-01,8.91204,8.5,12.37
1982-01-01,8.25688,8.6,13.22
1982-02-01,7.61364,8.9,14.78
1982-03-01,6.88488,9.0,14.68
1982-04-01,6.62177,9.3,14.94
1982-05-01,6.91193,9.4,14.45
1982-06-01,7.18232,9.6,14.15
1982-07-01,6.55738,9.8,12.59
1982-08-01,5.96529,9.8,10.12
1982-09-01,4.94092,10.1,10.31
1982-10-01,5.03212,10.4,9.71
1982-11-01,4.47761,10.8,9.20
1982-12-01,3.82572,10.8,8.95
1983-01-01,3.70763,10.4,8.68
1983-02-01,3.48469,10.4,8.51
1983-03-01,3.59029,10.3,8.77
1983-04-01,4.00000,10.2,8.80
1983-05-01,3.44108,10.1,8.63
1983-06-01,2.47423,10.1,8.98
1983-07-01,2.35897,9.4,9.37
1983-08-01,2.45650,9.5,9.56
1983-09-01,2.76356,9.2,9.45
1983-10-01,2.75229,8.8,9.48
1983-11-01,3.16327,8.5,9.34
1983-12-01,3.78710,8.3,9.47
1984-01-01,4.29009,8.0,9.56
1984-02-01,4.69388,7.8,9.59
1984-03-01,4.89297,7.8,9.91
1984-04-01,4.55466,7.7,10.29
1984-05-01,4.33468,7.4,10.32
1984-06-01,4.32596,7.2,11.06
1984-07-01,4.30862,7.5,11.23
1984-08-01,4.29570,7.5,11.64
1984-09-01,4.28287,7.3,11.30
1984-10-01,4.26587,7.4,9.99
1984-11-01,4.15430,7.2,9.43
1984-12-01,4.04339,7.3,8.38
1985-01-01,3.52595,7.3,8.35
1985-02-01,3.60624,7.2,8.50
1985-03-01,3.79009,7.2,8.58
1985-04-01,3.58180,7.3,8.27
1985-05-01,3.57488,7.2,7.97
1985-06-01,3.66442,7.4,7.53
1985-07-01,3.45821,7.4,7.88
1985-08-01,3.35249,7.1,7.90
1985-09-01,3.24737,7.1,7.92
1985-10-01,3.23501,7.1,7.99
1985-11-01,3.51377,7.0,8.05
1985-12-01,3.79147,7.0,8.27
1986-01-01,3.97351,6.7,8.14
1986-02-01,3.19849,7.2,7.86
1986-03-01,2.15356,7.2,7.48
1986-04-01,1.58879,7.1,6.99
1986-05-01,1.67910,7.2,6.85
1986-06-01,1.76744,7.2,6.92
1986-07-01,1.67131,7.0,6.56
1986-08-01,1.57553,6.9,6.17
1986-09-01,1.75763,7.0,5.89
1986-10-01,1.56682,7.0,5.85
1986-11-01,1.28440,6.9,6.04
1986-12-01,1.18721,6.6,6.91
1987-01-01,1.36488,6.6,6.43
1987-02-01,1.91431,6.6,6.10
1987-03-01,2.84143,6.6,6.13
1987-04-01,3.67985,6.3,6.37
1987-05-01,3.66972,6.3,6.85
1987-06-01,3.74771,6.2,6.73
1987-07-01,3.92694,6.1,6.58
1987-08-01,4.28832,6.0,6.73
1987-09-01,4.27273,5.9,7.22
1987-10-01,4.35572,6.0,7.29
1987-11-01,4.52899,5.8,6.69
1987-12-01,4.33213,5.7,6.77
1988-01-01,4.12926,5.7,6.83
1988-02-01,3.93560,5.7,6.58
1988-03-01,3.83244,5.7,6.58
1988-04-01,3.99290,5.4,6.87
1988-05-01,3.98230,5.6,7.09
1988-06-01,3.96476,5.4,7.51
1988-07-01,4.13005,5.4,7.75
1988-08-01,4.11199,5.6,8.01
1988-09-01,4.18483,5.4,8.19
1988-10-01,4.26087,5.4,8.30
1988-11-01,4.24610,5.3,8.35
1988-12-01,4.41176,5.3,8.76
1989-01-01,4.48276,5.4,9.12
1989-02-01,4.64716,5.2,9.36
1989-03-01,4.89270,5.0,9.85
1989-04-01,5.03413,5.2,9.84
1989-05-01,5.27660,5.2,9.81
1989-06-01,5.16949,5.3,9.53
1989-07-01,5.06329,5.2,9.24
1989-08-01,4.62185,5.2,8.99
1989-09-01,4.43515,5.3,9.02
1989-10-01,4.58716,5.3,8.84
1989-11-01,4.65503,5.4,8.55
1989-12-01,4.63960,5.4,8.45
1990-01-01,5.19802,5.4,8.23
1990-02-01,5.26316,5.3,8.24
1990-03-01,5.23732,5.2,8.28
1990-04-01,4.71162,5.4,8.26
1990-05-01,4.36540,5.4,8.18
1990-06-01,4.67365,5.2,8.29
1990-07-01,4.81928,5.5,8.15
1990-08-01,5.70281,5.7,8.13
1990-09-01,6.16987,5.9,8.20
1990-10-01,6.37959,5.9,8.11
1990-11-01,6.19539,6.2,7.81
1990-12-01,6.25495,6.3,7.31
1991-01-01,5.64706,6.4,6.91
1991-02-01,5.31250,6.6,6.25
1991-03-01,4.82115,6.8,6.12
1991-04-01,4.80993,6.7,5.91
1991-05-01,5.03486,6.9,5.78
1991-06-01,4.69592,6.9,5.90
1991-07-01,4.36782,6.8,5.82
1991-08-01,3.79939,6.9,5.66
1991-09-01,3.39623,6.9,5.45
1991-10-01,2.84858,7.0,5.21
1991-11-01,3.06657,7.0,4.81
1991-12-01,2.98063,7.3,4.43
1992-01-01,2.67261,7.3,4.03
1992-02-01,2.81899,7.4,4.06
1992-03-01,3.18991,7.4,3.98
1992-04-01,3.18283,7.4,3.73
1992-05-01,3.02360,7.6,3.82
1992-06-01,3.01471,7.8,3.76
1992-07-01,3.15712,7.7,3.25
1992-08-01,3.07467,7.6,3.30
1992-09-01,2.99270,7.6,3.22
1992-10-01,3.27988,7.3,3.10
1992-11-01,3.12046,7.4,3.09
1992-12-01,2.96671,7.4,2.92
1993-01-01,3.25380,7.3,3.02
1993-02-01,3.24675,7.1,3.03
1993-03-01,3.01941,7.0,3.07
1993-04-01,3.15638,7.1,2.96
1993-05-01,3.22119,7.1,3.00
1993-06-01,2.99786,7.0,3.04
1993-07-01,2.84698,6.9,3.06
1993-08-01,2.84091,6.8,3.03
1993-09-01,2.76400,6.7,3.09
1993-10-01,2.75229,6.8,2.99
1993-11-01,2.74455,6.6,3.02
1993-12-01,2.81096,6.5,2.96
1994-01-01,2.45098,6.6,3.05
1994-02-01,2.51572,6.6,3.25
1994-03-01,2.65178,6.5,3.34
1994-04-01,2.36439,6.4,3.56
1994-05-01,2.28849,6.1,4.01
1994-06-01,2.49480,6.1,4.25
1994-07-01,2.69896,6.1,4.26
1994-08-01,2.90055,6.0,4.47
1994-09-01,2.96552,5.9,4.73
1994-10-01,2.60989,5.8,4.76
1994-11-01,2.60274,5.6,5.29
1994-12-01,2.59740,5.5,5.45
1995-01-01,2.87081,5.6,5.53
1995-02-01,2.86299,5.4,5.92
1995-03-01,2.78722,5.4,5.98
1995-04-01,3.12500,5.8,6.05
1995-05-01,3.11864,5.6,6.01
1995-06-01,3.04260,5.6,6.00
1995-07-01,2.83019,5.7,5.85
1995-08-01,2.61745,5.7,5.74
1995-09-01,2.54521,5.6,5.80
1995-10-01,2.74431,5.5,5.76
1995-11-01,2.60347,5.6,5.80
1995-12-01,2.53165,5.6,5.60
1996-01-01,2.79070,5.6,5.56
1996-02-01,2.71703,5.5,5.22
1996-03-01,2.84392,5.5,5.31
1996-04-01,2.83267,5.6,5.22
1996-05-01,2.82709,5.6,5.24
1996-06-01,2.82152,5.3,5.27
1996-07-01,2.88336,5.5,5.40
1996-08-01,2.81230,5.1,5.22
1996-09-01,3.00457,5.2,5.30
1996-10-01,3.06189,5.2,5.24
1996-11-01,3.25309,5.4,5.31
1996-12-01,3.37882,5.4,5.29
1997-01-01,3.03814,5.3,5.25
1997-02-01,3.03226,5.2,5.19
1997-03-01,2.76527,5.2,5.39
1997-04-01,2.43434,5.1,5.51
1997-05-01,2.23785,4.9,5.50
1997-06-01,2.23357,5.0,5.56
1997-07-01,2.16561,4.9,5.52
1997-08-01,2.29008,4.8,5.54
1997-09-01,2.21940,4.9,5.54
1997-10-01,2.08597,4.7,5.50
1997-11-01,1.89036,4.6,5.52
1997-12-01,1.69705,4.7,5.50
1998-01-01,1.63112,4.6,5.56
1998-02-01,1.44020,4.6,5.51
1998-03-01,1.37672,4.7,5.49
1998-04-01,1.43840,4.3,5.45
1998-05-01,1.68856,4.4,5.49
1998-06-01,1.62297,4.5,5.56
1998-07-01,1.74564,4.5,5.54
1998-08-01,1.61692,4.5,5.55
1998-09-01,1.42680,4.6,5.51
1998-10-01,1.48607,4.5,5.07
1998-11-01,1.48423,4.4,4.83
1998-12-01,1.60692,4.4,4.68
1999-01-01,1.66667,4.3,4.63
1999-02-01,1.66667,4.4,4.76
1999-03-01,1.72840,4.2,4.81
1999-04-01,2.28113,4.3,4.74
1999-05-01,2.09102,4.2,4.74
1999-06-01,1.96560,4.3,4.76
1999-07-01,2.14461,4.3,4.99
1999-08-01,2.26438,4.2,5.07
1999-09-01,2.62997,4.2,5.22
1999-10-01,2.56254,4.1,5.20
1999-11-01,2.62035,4.1,5.42
1999-12-01,2.67640,4.0,5.30
2000-01-01,2.79296,4.0,5.45
2000-02-01,3.21797,4.1,5.73
2000-03-01,3.76214,4.0,5.85
2000-04-01,3.01386,3.8,6.02
2000-05-01,3.13253,4.0,6.27
2000-06-01,3.73494,4.0,6.53
2000-07-01,3.59928,4.0,6.54
2000-08-01,3.35129,4.1,6.50
2000-09-01,3.45650,3.9,6.52
2000-10-01,3.45033,3.9,6.51
2000-11-01,3.44418,3.9,6.51
2000-12-01,3.43602,3.9,6.40
2001-01-01,3.72120,4.2,5.98
2001-02-01,3.52941,4.2,5.49
2001-03-01,2.98246,4.3,5.31
2001-04-01,3.21826,4.4,4.8
2001-05-01,3.56308,4.3,4.21
2001-06-01,3.19396,4.5,3.97
2001-07-01,2.72148,4.6,3.77
2001-08-01,2.72148,4.9,3.65
2001-09-01,2.59217,5.0,3.07
2001-10-01,2.12766,5.3,2.49
2001-11-01,1.89437,5.5,2.09
2001-12-01,1.60367,5.7,1.82
2002-01-01,1.19590,5.7,1.73
2002-02-01,1.13636,5.7,1.74
2002-03-01,1.36286,5.7,1.73
2002-04-01,1.64399,5.9,1.75
2002-05-01,1.24083,5.8,1.75
2002-06-01,1.06922,5.8,1.75
2002-07-01,1.46561,5.8,1.73
2002-08-01,1.74746,5.7,1.74
2002-09-01,1.51600,5.7,1.75
2002-10-01,2.02703,5.7,1.75
2002-11-01,2.25352,5.9,1.34
2002-12-01,2.48027,6.0,1.24
2003-01-01,2.75746,5.8,1.24
2003-02-01,3.14607,5.9,1.26
2003-03-01,3.02521,5.9,1.25
2003-04-01,2.17513,6.0,1.26
2003-05-01,1.89415,6.1,1.26
2003-06-01,1.94878,6.3,1.22
2003-07-01,2.05556,6.2,1.01
2003-08-01,2.21607,6.1,1.03
2003-09-01,2.37832,6.1,1.01
2003-10-01,2.04194,6.0,1.01
2003-11-01,1.92837,5.8,1.00
2003-12-01,2.03520,5.7,0.98
2004-01-01,2.02629,5.7,1.00
2004-02-01,1.68845,5.6,1.01
2004-03-01,1.74008,5.8,1.00
2004-04-01,2.29258,5.6,1.00
2004-05-01,2.89776,5.6,1.00
2004-06-01,3.16767,5.6,1.03
2004-07-01,2.93958,5.5,1.26
2004-08-01,2.54743,5.4,1.43
2004-09-01,2.53917,5.4,1.61
2004-10-01,3.19091,5.5,1.76
2004-11-01,3.62162,5.4,1.93
2004-12-01,3.34232,5.4,2.16
2005-01-01,2.84487,5.3,2.28
2005-02-01,3.05303,5.4,2.50
2005-03-01,3.20684,5.2,2.63
2005-04-01,3.36179,5.2,2.79
2005-05-01,2.86929,5.1,3.00
2005-06-01,2.54103,5.0,3.04
2005-07-01,3.06716,5.0,3.26
2005-08-01,3.64693,4.9,3.50
2005-09-01,4.74183,5.0,3.62
2005-10-01,4.35010,5.0,3.78
2005-11-01,3.33855,5.0,4.00
2005-12-01,3.33855,4.9,4.16
2006-01-01,4.01879,4.7,4.29
2006-02-01,3.63825,4.8,4.49
2006-03-01,3.41792,4.7,4.59
2006-04-01,3.61384,4.7,4.79
2006-05-01,3.97727,4.6,4.94
2006-06-01,4.18172,4.6,4.99
2006-07-01,4.10467,4.7,5.24
2006-08-01,3.92657,4.7,5.25
2006-09-01,2.01207,4.5,5.25
2006-10-01,1.40633,4.4,5.25
2006-11-01,1.96870,4.5,5.25
2006-12-01,2.52398,4.4,5.24
2007-01-01,2.07577,4.6,5.25
2007-02-01,2.42026,4.5,5.26
2007-03-01,2.79820,4.4,5.26
2007-04-01,2.59292,4.5,5.25
2007-05-01,2.70989,4.4,5.25
2007-06-01,2.69277,4.6,5.25
2007-07-01,2.31789,4.7,5.26
2007-08-01,1.89745,4.6,5.02
2007-09-01,2.83383,4.7,4.94
2007-10-01,3.61070,4.7,4.76
2007-11-01,4.37327,4.7,4.49
2007-12-01,4.10881,5.0,4.24
2008-01-01,4.29470,5.0,3.94
2008-02-01,4.14296,4.9,2.98
2008-03-01,3.97490,5.1,2.61
2008-04-01,3.90376,5.0,2.28
2008-05-01,4.08841,5.4,1.98
2008-06-01,4.93597,5.6,2.00
2008-07-01,5.49751,5.8,2.01
2008-08-01,5.30802,6.1,2.00
2008-09-01,4.95332,6.1,1.81
2008-10-01,3.73106,6.5,0.97
2008-11-01,1.09992,6.8,0.39
2008-12-01,-0.02223,7.3,0.16
2009-01-01,-0.11359,7.8,0.15
2009-02-01,0.00846,8.3,0.22
2009-03-01,-0.44648,8.7,0.18
2009-04-01,-0.57632,9.0,0.15
2009-05-01,-1.01576,9.4,0.18
2009-06-01,-1.22917,9.5,0.21
2009-07-01,-1.95876,9.5,0.16
2009-08-01,-1.48384,9.6,0.16
2009-09-01,-1.37794,9.8,0.15
2009-10-01,-0.22397,10.0,0.12
2009-11-01,1.91459,9.9,0.12
2009-12-01,2.81412,9.9,0.12
2010-01-01,2.62111,9.8,0.11
2010-02-01,2.15134,9.8,0.13
2010-03-01,2.28617,9.9,0.16
2010-04-01,2.20677,9.9,0.20
2010-05-01,2.00355,9.6,0.20
2010-06-01,1.12156,9.4,0.18
2010-07-01,1.34078,9.4,0.18
2010-08-01,1.15018,9.5,0.19
2010-09-01,1.11831,9.5,0.19
2010-10-01,1.16670,9.4,0.19
2010-11-01,1.08454,9.8,0.19
2010-12-01,1.43779,9.3,0.18
2011-01-01,1.70078,9.1,0.17
2011-02-01,2.12490,9.0,0.16
2011-03-01,2.61924,9.0,0.14
2011-04-01,3.07723,9.1,0.10
2011-05-01,3.45897,9.0,0.09
2011-06-01,3.50232,9.1,0.09
2011-07-01,3.57988,9.0,0.07
2011-08-01,3.75500,9.0,0.10
2011-09-01,3.81262,9.0,0.08
2011-10-01,3.52227,8.8,0.07
2011-11-01,3.45143,8.6,0.08
2011-12-01,3.06207,8.5,0.07
2012-01-01,3.00877,8.3,0.08
2012-02-01,2.89818,8.3,0.10
2012-03-01,2.58288,8.2,0.13
2012-04-01,2.27316,8.2,0.14
2012-05-01,1.73794,8.2,0.16
2012-06-01,1.65387,8.2,0.16
2012-07-01,1.41751,8.2,0.16
2012-08-01,1.68593,8.1,0.13
2012-09-01,1.94972,7.8,0.14
2012-10-01,2.15568,7.8,0.16
2012-11-01,1.79602,7.7,0.16
2012-12-01,1.75950,7.9,0.16
2013-01-01,1.68406,8.0,0.14
2013-02-01,2.01814,7.7,0.15
2013-03-01,1.51875,7.5,0.14
2013-04-01,1.13881,7.6,0.15
2013-05-01,1.39039,7.5,0.11
2013-06-01,1.71579,7.5,0.09
2013-07-01,1.88547,7.3,0.09
2013-08-01,1.53881,7.2,0.08
2013-09-01,1.09473,7.2,0.08
2013-10-01,0.87680,7.2,0.09
2013-11-01,1.23287,6.9,0.08
2013-12-01,1.51284,6.7,0.09
2014-01-01,1.55776,6.6,0.07
2014-02-01,1.12047,6.7,0.07
2014-03-01,1.61269,6.7,0.08
2014-04-01,2.01513,6.2,0.09
2014-05-01,2.16695,6.3,0.09
2014-06-01,2.05898,6.1,0.10
2014-07-01,1.97424,6.2,0.09
2014-08-01,1.71510,6.1,0.09
2014-09-01,1.68405,5.9,0.09
2014-10-01,1.60954,5.7,0.09
2014-11-01,1.23152,5.8,0.09
2014-12-01,0.65312,5.6,0.12
2015-01-01,-0.22993,5.7,0.11
2015-02-01,-0.08703,5.5,0.11
2015-03-01,-0.02203,5.4,0.11
2015-04-01,-0.10403,5.4,0.12
2015-05-01,0.03503,5.6,0.12
2015-06-01,0.17957,5.3,0.13
2015-07-01,0.22569,5.2,0.13
2015-08-01,0.24130,5.1,0.14
2015-09-01,0.00884,5.0,0.14
2015-10-01,0.12762,5.0,0.12
2015-11-01,0.43632,5.1,0.12
2015-12-01,0.63872,5.0,0.24
2016-01-01,1.23750,4.8,0.34
2016-02-01,0.84728,4.9,0.38
2016-03-01,0.89162,5.0,0.36
2016-04-01,1.17263,5.1,0.37
2016-05-01,1.07848,4.8,0.37
2016-06-01,1.07929,4.9,0.38
2016-07-01,0.86836,4.8,0.39
2016-08-01,1.05532,4.9,0.40
2016-09-01,1.54864,5.0,0.40
2016-10-01,1.68592,4.9,0.40
2016-11-01,1.68433,4.7,0.41
2016-12-01,2.05080,4.7,0.54
2017-01-01,2.51039,4.7,0.65
2017-02-01,2.81036,4.6,0.66
2017-03-01,2.44120,4.4,0.79
2017-04-01,2.17622,4.4,0.90
2017-05-01,1.85634,4.4,0.91
2017-06-01,1.64057,4.3,1.04
2017-07-01,1.72511,4.3,1.15
2017-08-01,1.92812,4.4,1.16
2017-09-01,2.18057,4.3,1.15
2017-10-01,2.02076,4.2,1.15
2017-11-01,2.17249,4.2,1.16
2017-12-01,2.12993,4.1,1.30
2018-01-01,2.10370,4.0,1.41
2018-02-01,2.22658,4.1,1.42
2018-03-01,2.33259,4.0,1.51
2018-04-01,2.43783,4.0,1.69
2018-05-01,2.77659,3.8,1.70
2018-06-01,2.84851,4.0,1.82
2018-07-01,2.89875,3.8,1.91
2018-08-01,2.67800,3.8,1.91
2018-09-01,2.35518,3.7,1.95
2018-10-01,2.52852,3.8,2.19
2018-11-01,2.17281,3.8,2.20
2018-12-01,1.91522,3.9,2.27
2019-01-01,1.49833,4.0,2.40
2019-02-01,1.48172,3.8,2.40
2019-03-01,1.87995,3.8,2.41
2019-04-01,2.00563,3.6,2.42
2019-05-01,1.81275,3.6,2.39
2019-06-01,1.68964,3.6,2.38
2019-07-01,1.82116,3.7,2.40
2019-08-01,1.75969,3.7,2.13
2019-09-01,1.72733,3.5,2.04
2019-10-01,1.75708,3.6,1.83
2019-11-01,2.03082,3.6,1.55
2019-12-01,2.26172,3.6,1.55
2020-01-01,2.46049,3.5,1.55
2020-02-01,2.31971,3.5,1.58
2020-03-01,1.53064,4.4,0.65
2020-04-01,0.36486,14.7,0.05
2020-05-01,0.24244,13.2,0.05
2020-06-01,0.72681,11.0,0.08
2020-07-01,1.03283,10.2,0.09
2020-08-01,1.32759,8.4,0.10
2020-09-01,1.40065,7.9,0.09
2020-10-01,1.18420,6.9,0.09
2020-11-01,1.13776,6.7,0.09
2020-12-01,1.27815,6.7,0.09
2021-01-01,1.35997,6.4,0.09
2021-02-01,1.67524,6.2,0.08
2021-03-01,2.65838,6.0,0.07
2021-04-01,4.15199,6.0,0.07
2021-05-01,4.94444,5.8,0.06
2021-06-01,5.34102,5.9,0.08
2021-07-01,5.27610,5.4,0.10
2021-08-01,5.20533,5.2,0.09
2021-09-01,5.38991,4.7,0.08
2021-10-01,6.23694,4.6,0.08
2021-11-01,6.82837,4.2,0.08
2021-12-01,7.09654,3.9,0.08
2022-01-01,7.52593,4.0,0.08
2022-02-01,7.91202,3.8,0.08
2022-03-01,.,3.6,0.20
